id,nombre,fecha_nacimiento,pasaporte
4,Diane Swanson,1974-02-14,F08731569
2,Melissa Jimenez,1998-12-18,W08204144
35,Francisco Rich,1996-02-21,D89562085
22,Rodney Wilson,1973-10-18,R08362516
40,Brian Berry,1998-12-22,N92528667
58,Samuel Jimenez,1984-01-07,B79815379
39,Patricia Norris,1974-12-08,Y69764268
18,Michael Chavez,1976-08-28,O16330677
45,Jill Haas,1986-04-10,U50608611
20,James Singleton,1977-08-12,U46471214
43,Rebecca Valenzuela,1971-08-18,G17571521
53,Patricia Alvarado,1983-08-01,P27318304
14,Ronnie Macias,1988-02-12,J06543685
51,Kristina Gilmore,1985-12-13,B29047250
19,Desiree Williams,1993-03-19,Z32250364
12,Ronnie Moore,1997-01-12,L28170812
46,Heather Arnold,1999-01-10,Y81323264
16,Tracey Harris,1978-06-05,C97271665
50,Adam Herrera,1976-12-04,Y37241205
47,Michael Compton,1980-01-07,T63857772
56,Isaiah Riley,1986-09-18,W12727804
32,Darrell Henderson,1975-03-14,I87476188
1,Melanie Cummings,1980-09-01,J00360904
49,Kenneth Brady,1981-11-06,O21522167
42,Deborah Martinez,1987-02-03,G18065401
13,Bradley Glenn,1975-10-17,U87751971
5,Miguel Oliver,1992-08-27,E21376006
52,Sara Sims,1999-07-10,F00773862
33,Samantha Mora,1990-10-27,P24467352
28,Nicholas Simmons,1994-08-03,W03439988
26,Elizabeth Jordan,1974-09-16,S70038299
30,Daniel Callahan,1987-09-13,X88103341
27,Steven Hernandez,1997-11-18,Z48029074
11,David Tran,1975-08-07,B62958600
48,Alex Walsh,1985-12-12,W59287703
36,Justin Martin,1984-07-08,U66847209
3,Linda Paul,1983-01-12,L91489362
57,Kerry Quinn,1978-01-15,I14085439
6,Jason Moore,1991-01-27,T50398906
55,Rachael Vasquez,1998-10-31,U79474626
44,David Robinson,1983-05-04,O66207589
